,Name,Label,Keypoints
0,Image_1.jpg,sitting,"[     358.84      154.98     0.99755       392.2      121.13     0.99815      336.64      125.75     0.97844      465.88      120.62     0.98516       317.3      122.42     0.21512      552.92      296.99     0.97801      277.33      250.83     0.96212      543.29      542.88      0.8415      211.38      435.82
     0.79195       345.5      587.01     0.75286      190.97      484.76      0.7304      414.23      605.21     0.49617      241.55      575.74     0.48232      333.14      596.57      0.0362      151.02      564.51    0.029527      354.39      612.64   0.0077651      272.57      601.61   0.0064529]"
1,Image_4.jpg,sleeping,"[     429.83      348.76     0.99535      421.84       283.7     0.99874      381.69      381.23     0.97683      518.47       216.3     0.91029      398.81      429.56     0.17844      729.24      231.99     0.55445      566.29      532.53     0.75505         853      198.38     0.16084      426.26      553.01
     0.33805      743.46      173.06     0.25613      317.22       376.1     0.47167      871.24      287.07    0.093104      835.27      449.38      0.1367      848.82      300.15    0.076528      816.92      490.51     0.10875      792.76      437.29    0.048305       747.1       531.6    0.060636]"
2,Image_6.jpg,sleeping,"[     418.46      403.97     0.79962      416.34      317.69     0.90865      321.75      394.91     0.60157       460.2      211.47     0.23838      180.83      337.81     0.34994      664.18      164.66     0.41392      197.03      490.25     0.35296      794.54      277.78     0.10455      284.45      588.64
    0.039345      650.12      553.71     0.14986      288.05      561.04    0.080392      854.48      268.66     0.03558      651.39      391.23    0.032746      720.58      438.42    0.032935      710.39      470.12      0.0307      643.88      577.25    0.017722      645.53      579.96    0.018314]"
3,Image_15.jpg,sleeping,"[     509.23      371.69     0.99794      523.08      269.63     0.99945       449.5      359.53     0.98394      652.27      197.28     0.95335      466.07      381.68    0.093463      894.38      363.99     0.53083      710.81      492.96     0.51557      935.51      557.13    0.056501      653.47      561.81
    0.034174      862.45      595.87     0.08951      478.95      501.44    0.054591      861.61      533.69   0.0087743      772.92      555.91   0.0093319      737.91      504.33   0.0076643      649.03      512.43   0.0075881      677.94      510.39   0.0075622      640.73      519.64    0.008049]"
4,Image_33.jpg,sitting,"[     517.45      181.81      0.9933      522.21      166.71     0.75206      501.66      163.37     0.99499       519.9      174.31    0.020243      446.85      167.34     0.88473      521.29      267.79     0.94386      361.44      242.22     0.98138      580.32      358.57     0.79315      225.37      258.25
     0.95484       595.4      361.71     0.74755      80.987       274.9     0.92549         510      445.97     0.95278       389.6      454.98      0.9713      705.88      494.73     0.85177      431.79      545.04     0.91198         659      654.64     0.49406       485.2      684.56     0.58736]"
5,Image_37.jpg,running,"[     251.63      162.68     0.99727      273.63       143.3     0.99781       240.1      145.21     0.98177      330.33      150.94       0.994      235.55      151.81     0.44244      401.81      277.64     0.98174      192.33      275.92     0.97969      525.06      392.69     0.95277      103.59       427.4
     0.93921      407.28      465.94     0.94574      180.55      384.93     0.93554       358.5      572.42     0.97029      234.71      572.67     0.96838      301.31      742.93      0.6704      232.59      761.55     0.64619      281.87      863.58     0.13496       252.5      865.08     0.12637]"
6,Image_45.jpg,sleeping,"[     301.39      294.17     0.99778      306.06      249.21     0.99839      263.13      304.42     0.99101      374.51      215.83     0.88237      274.02       327.5     0.31719      492.19      257.69     0.94114      349.19      382.06     0.91654      672.08       283.5     0.84947       209.2      402.93
     0.75521      725.59      423.49      0.8327      206.58      299.11     0.78722      682.89      412.21     0.74858      626.81      515.01     0.72934      665.72      304.13     0.46579       619.7      536.97     0.42406      736.26      381.09     0.28046         711      489.52     0.24504]"
7,Image_48.jpg,sleeping,"[     444.15      413.62     0.99571      473.16       388.4     0.89362      414.06      368.79       0.999      474.92      389.15     0.01417      318.95      327.76     0.87788      281.43       426.3      0.7378      351.92      413.14      0.7964      415.36      793.83     0.35205      481.08      762.51
     0.38204      450.29      890.81     0.22264      442.75      745.01     0.18235      36.843      517.42     0.20724      77.828      504.19     0.16869      131.41      711.48     0.16126      185.47      741.02     0.15014      189.65      863.15    0.016712      288.02      867.65    0.011947]"
8,Image_62.jpg,sitting,"[      250.6      104.14     0.99684      263.69      93.879     0.99193      239.17      93.048     0.99197      281.73      104.32     0.91823      223.74      103.78     0.64709      307.39       177.5     0.95181      193.63      188.65     0.94231      323.49      260.71     0.87141       176.1      275.84
     0.81665      344.62      212.07     0.83656      177.65      328.93     0.78959      330.97      301.95     0.93811      263.33      319.88     0.93589      392.56      209.47      0.9397      320.43      352.32     0.94491      408.48      396.16     0.89468      317.81      547.02     0.89327]"
9,Image_65.jpg,sleeping,"[     237.82      381.67     0.33344      231.74       381.6     0.11083      226.77      391.28      0.2088      228.52      390.95    0.094844      237.41      414.65     0.42421      272.45      425.15     0.79323      290.81      429.32     0.71275      266.09      434.66     0.37802      241.16      451.44
     0.31642      287.99      404.73     0.21632      284.61      417.81     0.24649      425.57      464.74     0.80443      428.97      476.32     0.79334      575.44      459.74     0.91284      540.91      482.49     0.91843       699.1      484.66     0.91861      688.22      520.06     0.92409]"
10,Image_75.jpg,running,"[      308.2      119.49     0.69422      311.24      113.29     0.76754      305.41      114.78     0.16999      324.08      110.05     0.77058      304.99      115.49     0.10061      341.66      132.19      0.9496      318.07      136.92     0.85525      330.77      155.23     0.90563      314.64      167.15
     0.43988       319.5      132.85     0.83536      307.71      142.09     0.39001      344.85      203.09     0.93891       328.4      203.89     0.88994      346.38      258.14     0.83056      336.73      258.34     0.70637      352.23      311.16     0.61969      342.88      311.05     0.50229]"
11,Image_82.jpg,sleeping,['NaN']
12,Image_109.jpg,sleeping,['NaN']
13,Image_116.jpg,sleeping,['NaN']
14,Image_122.jpg,sleeping,['NaN']
15,Image_124.jpg,sleeping,['NaN']
16,Image_157.jpg,sleeping,['NaN']
17,Image_177.jpg,sleeping,['NaN']
18,Image_179.jpg,sleeping,['NaN']
19,Image_182.jpg,sleeping,['NaN']
20,Image_183.jpg,running,['NaN']
21,Image_195.jpg,sitting,['NaN']
22,Image_201.jpg,sitting,['NaN']
23,Image_211.jpg,sleeping,['NaN']
24,Image_218.jpg,running,['NaN']
25,Image_222.jpg,sitting,['NaN']
26,Image_228.jpg,running,['NaN']
27,Image_235.jpg,sitting,['NaN']
28,Image_238.jpg,running,['NaN']
29,Image_239.jpg,sleeping,['NaN']
30,Image_263.jpg,sleeping,['NaN']
31,Image_280.jpg,sleeping,['NaN']
32,Image_295.jpg,sleeping,['NaN']
33,Image_306.jpg,running,['NaN']
34,Image_330.jpg,sleeping,['NaN']
35,Image_335.jpg,running,['NaN']
36,Image_339.jpg,sleeping,['NaN']
37,Image_346.jpg,sleeping,['NaN']
38,Image_348.jpg,running,['NaN']
39,Image_361.jpg,sleeping,['NaN']
40,Image_362.jpg,sitting,['NaN']
41,Image_367.jpg,sleeping,['NaN']
42,Image_368.jpg,sleeping,['NaN']
43,Image_380.jpg,sitting,['NaN']
44,Image_385.jpg,sleeping,['NaN']
45,Image_410.jpg,sleeping,['NaN']
46,Image_411.jpg,sleeping,['NaN']
47,Image_420.jpg,sleeping,['NaN']
48,Image_452.jpg,sleeping,['NaN']
49,Image_453.jpg,sleeping,['NaN']
50,Image_462.jpg,sitting,['NaN']
51,Image_483.jpg,sleeping,['NaN']
52,Image_494.jpg,sitting,['NaN']
53,Image_497.jpg,sleeping,['NaN']
54,Image_503.jpg,sleeping,['NaN']
55,Image_506.jpg,sitting,['NaN']
56,Image_521.jpg,sleeping,['NaN']
57,Image_537.jpg,sitting,['NaN']
58,Image_542.jpg,sitting,['NaN']
59,Image_555.jpg,sitting,['NaN']
60,Image_557.jpg,running,['NaN']
61,Image_558.jpg,sleeping,['NaN']
62,Image_582.jpg,running,['NaN']
63,Image_589.jpg,sitting,['NaN']
64,Image_597.jpg,sitting,['NaN']
65,Image_603.jpg,sleeping,['NaN']
66,Image_608.jpg,sleeping,['NaN']
67,Image_614.jpg,running,['NaN']
68,Image_619.jpg,running,['NaN']
69,Image_635.jpg,running,['NaN']
70,Image_662.jpg,sleeping,['NaN']
71,Image_665.jpg,sleeping,['NaN']
72,Image_673.jpg,sitting,['NaN']
73,Image_677.jpg,running,['NaN']
74,Image_686.jpg,sleeping,['NaN']
75,Image_697.jpg,sleeping,['NaN']
76,Image_710.jpg,running,['NaN']
77,Image_714.jpg,sleeping,['NaN']
78,Image_718.jpg,sitting,['NaN']
79,Image_720.jpg,sleeping,['NaN']
80,Image_736.jpg,sitting,['NaN']
81,Image_740.jpg,sleeping,['NaN']
82,Image_752.jpg,running,['NaN']
83,Image_762.jpg,sitting,['NaN']
84,Image_767.jpg,sleeping,['NaN']
85,Image_770.jpg,sitting,['NaN']
86,Image_771.jpg,sleeping,['NaN']
87,Image_786.jpg,sleeping,['NaN']
88,Image_791.jpg,sleeping,['NaN']
89,Image_801.jpg,sleeping,['NaN']
90,Image_813.jpg,sitting,['NaN']
91,Image_825.jpg,sitting,['NaN']
92,Image_828.jpg,sleeping,['NaN']
93,Image_870.jpg,sitting,['NaN']
94,Image_873.jpg,sleeping,['NaN']
95,Image_875.jpg,sleeping,['NaN']
96,Image_879.jpg,sleeping,['NaN']
97,Image_881.jpg,sitting,['NaN']
98,Image_895.jpg,running,['NaN']
99,Image_900.jpg,sleeping,['NaN']
100,Image_902.jpg,sleeping,['NaN']
101,Image_907.jpg,sitting,['NaN']
102,Image_908.jpg,sleeping,['NaN']
103,Image_920.jpg,sitting,['NaN']
104,Image_943.jpg,sitting,['NaN']
105,Image_950.jpg,sleeping,['NaN']
106,Image_956.jpg,sleeping,['NaN']
107,Image_958.jpg,sitting,['NaN']
108,Image_960.jpg,sleeping,['NaN']
109,Image_963.jpg,sleeping,['NaN']
110,Image_978.jpg,sitting,['NaN']
111,Image_987.jpg,running,['NaN']
112,Image_1002.jpg,sleeping,['NaN']
113,Image_1009.jpg,sleeping,['NaN']
114,Image_1035.jpg,sleeping,['NaN']
115,Image_1039.jpg,running,['NaN']
116,Image_1040.jpg,sitting,['NaN']
117,Image_1045.jpg,sitting,['NaN']
118,Image_1053.jpg,sleeping,['NaN']
119,Image_1063.jpg,sleeping,['NaN']
120,Image_1066.jpg,sitting,['NaN']
121,Image_1067.jpg,sleeping,['NaN']
122,Image_1074.jpg,sleeping,['NaN']
123,Image_1084.jpg,sleeping,['NaN']
124,Image_1108.jpg,sleeping,['NaN']
125,Image_1109.jpg,sitting,['NaN']
126,Image_1120.jpg,sleeping,['NaN']
127,Image_1124.jpg,running,['NaN']
128,Image_1147.jpg,sitting,['NaN']
129,Image_1171.jpg,sleeping,['NaN']
130,Image_1174.jpg,running,['NaN']
131,Image_1184.jpg,sleeping,['NaN']
132,Image_1189.jpg,sleeping,['NaN']
133,Image_1194.jpg,running,['NaN']
134,Image_1196.jpg,sitting,['NaN']
135,Image_1200.jpg,sleeping,['NaN']
136,Image_1210.jpg,sitting,['NaN']
137,Image_1213.jpg,sleeping,['NaN']
138,Image_1214.jpg,sleeping,['NaN']
139,Image_1228.jpg,sleeping,['NaN']
140,Image_1237.jpg,sleeping,['NaN']
141,Image_1250.jpg,sitting,['NaN']
142,Image_1258.jpg,sleeping,['NaN']
143,Image_1266.jpg,sleeping,['NaN']
144,Image_1276.jpg,sleeping,['NaN']
145,Image_1315.jpg,sleeping,['NaN']
146,Image_1317.jpg,sleeping,['NaN']
147,Image_1323.jpg,running,['NaN']
148,Image_1326.jpg,sitting,['NaN']
149,Image_1336.jpg,sleeping,['NaN']
150,Image_1345.jpg,sleeping,['NaN']
151,Image_1357.jpg,sitting,['NaN']
152,Image_1368.jpg,sitting,['NaN']
153,Image_1371.jpg,running,['NaN']
154,Image_1397.jpg,running,['NaN']
155,Image_1398.jpg,sleeping,['NaN']
156,Image_1425.jpg,sleeping,['NaN']
157,Image_1433.jpg,sleeping,['NaN']
158,Image_1453.jpg,sitting,['NaN']
159,Image_1460.jpg,sleeping,['NaN']
160,Image_1461.jpg,sleeping,['NaN']
161,Image_1462.jpg,running,['NaN']
162,Image_1466.jpg,sleeping,['NaN']
163,Image_1475.jpg,sitting,['NaN']
164,Image_1477.jpg,sleeping,['NaN']
165,Image_1482.jpg,sitting,['NaN']
166,Image_1485.jpg,sleeping,['NaN']
167,Image_1509.jpg,running,['NaN']
168,Image_1510.jpg,sleeping,['NaN']
169,Image_1512.jpg,running,['NaN']
170,Image_1521.jpg,sleeping,['NaN']
171,Image_1532.jpg,sleeping,['NaN']
172,Image_1533.jpg,sitting,['NaN']
173,Image_1535.jpg,sitting,['NaN']
174,Image_1541.jpg,running,['NaN']
175,Image_1544.jpg,sleeping,['NaN']
176,Image_1562.jpg,sleeping,['NaN']
177,Image_1572.jpg,sitting,['NaN']
178,Image_1576.jpg,running,['NaN']
179,Image_1580.jpg,sleeping,['NaN']
180,Image_1584.jpg,sleeping,['NaN']
181,Image_1604.jpg,sitting,['NaN']
182,Image_1613.jpg,sitting,['NaN']
183,Image_1618.jpg,sleeping,['NaN']
184,Image_1640.jpg,sitting,['NaN']
185,Image_1645.jpg,sleeping,['NaN']
186,Image_1651.jpg,sleeping,['NaN']
187,Image_1658.jpg,sleeping,['NaN']
188,Image_1664.jpg,sleeping,['NaN']
189,Image_1682.jpg,sleeping,['NaN']
190,Image_1683.jpg,sitting,['NaN']
191,Image_1708.jpg,sitting,['NaN']
192,Image_1714.jpg,sleeping,['NaN']
193,Image_1717.jpg,sitting,['NaN']
194,Image_1731.jpg,sleeping,['NaN']
195,Image_1771.jpg,sleeping,['NaN']
196,Image_1779.jpg,sleeping,['NaN']
197,Image_1782.jpg,running,['NaN']
198,Image_1786.jpg,sleeping,['NaN']
199,Image_1794.jpg,sleeping,['NaN']
200,Image_1816.jpg,sleeping,['NaN']
201,Image_1818.jpg,sleeping,['NaN']
202,Image_1844.jpg,sitting,['NaN']
203,Image_1845.jpg,sitting,['NaN']
204,Image_1846.jpg,sleeping,['NaN']
205,Image_1847.jpg,sleeping,['NaN']
206,Image_1860.jpg,sleeping,['NaN']
207,Image_1863.jpg,sleeping,['NaN']
208,Image_1894.jpg,running,['NaN']
209,Image_1896.jpg,sleeping,['NaN']
210,Image_1898.jpg,sleeping,['NaN']
211,Image_1915.jpg,sitting,['NaN']
212,Image_1918.jpg,sleeping,['NaN']
213,Image_1943.jpg,sitting,['NaN']
214,Image_1967.jpg,sitting,['NaN']
215,Image_1971.jpg,sitting,['NaN']
216,Image_1972.jpg,sitting,['NaN']
217,Image_1983.jpg,sleeping,['NaN']
218,Image_1991.jpg,sleeping,['NaN']
219,Image_2001.jpg,sleeping,['NaN']
220,Image_2006.jpg,sleeping,['NaN']
221,Image_2025.jpg,sitting,['NaN']
222,Image_2030.jpg,sitting,['NaN']
223,Image_2032.jpg,sleeping,['NaN']
224,Image_2033.jpg,running,['NaN']
225,Image_2050.jpg,sleeping,['NaN']
226,Image_2065.jpg,sitting,['NaN']
227,Image_2069.jpg,sleeping,['NaN']
228,Image_2071.jpg,sleeping,['NaN']
229,Image_2081.jpg,sleeping,['NaN']
230,Image_2085.jpg,sitting,['NaN']
231,Image_2103.jpg,sitting,['NaN']
232,Image_2119.jpg,sitting,['NaN']
233,Image_2131.jpg,sleeping,['NaN']
234,Image_2153.jpg,sleeping,['NaN']
235,Image_2157.jpg,sitting,['NaN']
236,Image_2161.jpg,sleeping,['NaN']
237,Image_2178.jpg,sleeping,['NaN']
238,Image_2191.jpg,sleeping,['NaN']
239,Image_2199.jpg,sleeping,['NaN']
240,Image_2204.jpg,sitting,['NaN']
241,Image_2214.jpg,running,['NaN']
242,Image_2236.jpg,running,['NaN']
243,Image_2239.jpg,sitting,['NaN']
244,Image_2264.jpg,sitting,['NaN']
245,Image_2279.jpg,sitting,['NaN']
246,Image_2285.jpg,sitting,['NaN']
247,Image_2291.jpg,running,['NaN']
248,Image_2297.jpg,sleeping,['NaN']
249,Image_2300.jpg,sleeping,['NaN']
250,Image_2310.jpg,sleeping,['NaN']
251,Image_2326.jpg,sleeping,['NaN']
252,Image_2329.jpg,sleeping,['NaN']
253,Image_2331.jpg,sitting,['NaN']
254,Image_2344.jpg,sleeping,['NaN']
255,Image_2375.jpg,sleeping,['NaN']
256,Image_2379.jpg,sitting,['NaN']
257,Image_2389.jpg,sleeping,['NaN']
258,Image_2400.jpg,sitting,['NaN']
259,Image_2408.jpg,sleeping,['NaN']
260,Image_2410.jpg,sitting,['NaN']
261,Image_2462.jpg,sitting,['NaN']
262,Image_2471.jpg,sleeping,['NaN']
263,Image_2479.jpg,sleeping,['NaN']
264,Image_2488.jpg,sleeping,['NaN']
265,Image_2491.jpg,sitting,['NaN']
266,Image_2509.jpg,sleeping,['NaN']
267,Image_2510.jpg,running,['NaN']
268,Image_2512.jpg,sitting,['NaN']
269,Image_2519.jpg,sitting,['NaN']
270,Image_2538.jpg,sleeping,['NaN']
271,Image_2568.jpg,sleeping,['NaN']
272,Image_2569.jpg,sleeping,['NaN']
273,Image_2579.jpg,sleeping,['NaN']
274,Image_2596.jpg,sitting,['NaN']
275,Image_2599.jpg,sleeping,['NaN']
276,Image_2601.jpg,sleeping,['NaN']
277,Image_2610.jpg,sleeping,['NaN']
278,Image_2615.jpg,sitting,['NaN']
279,Image_2618.jpg,sitting,['NaN']
280,Image_2622.jpg,sitting,['NaN']
281,Image_2639.jpg,sleeping,['NaN']
282,Image_2648.jpg,sitting,['NaN']
283,Image_2652.jpg,sitting,['NaN']
284,Image_2658.jpg,sleeping,['NaN']
285,Image_2659.jpg,sitting,['NaN']
286,Image_2662.jpg,running,['NaN']
287,Image_2669.jpg,running,['NaN']
288,Image_2683.jpg,sleeping,['NaN']
289,Image_2686.jpg,sleeping,['NaN']
290,Image_2688.jpg,sleeping,['NaN']
291,Image_2690.jpg,sleeping,['NaN']
292,Image_2693.jpg,sitting,['NaN']
293,Image_2700.jpg,sleeping,['NaN']
294,Image_2701.jpg,sleeping,['NaN']
295,Image_2712.jpg,sitting,['NaN']
296,Image_2720.jpg,sleeping,['NaN']
297,Image_2738.jpg,running,['NaN']
298,Image_2747.jpg,sleeping,['NaN']
299,Image_2756.jpg,sitting,['NaN']
300,Image_2777.jpg,sitting,['NaN']
301,Image_2779.jpg,sleeping,['NaN']
302,Image_2784.jpg,sleeping,['NaN']
303,Image_2785.jpg,sleeping,['NaN']
304,Image_2792.jpg,sleeping,['NaN']
305,Image_2793.jpg,sitting,['NaN']
306,Image_2796.jpg,sitting,['NaN']
307,Image_2799.jpg,sleeping,['NaN']
308,Image_2808.jpg,sitting,['NaN']
309,Image_2815.jpg,sitting,['NaN']
310,Image_2820.jpg,running,['NaN']
311,Image_2833.jpg,sleeping,['NaN']
312,Image_2852.jpg,sleeping,['NaN']
313,Image_2862.jpg,sleeping,['NaN']
314,Image_2867.jpg,sleeping,['NaN']
315,Image_2869.jpg,sleeping,['NaN']
316,Image_2888.jpg,sitting,['NaN']
317,Image_2906.jpg,sleeping,['NaN']
318,Image_2929.jpg,sleeping,['NaN']
319,Image_2930.jpg,sleeping,['NaN']
320,Image_2934.jpg,sitting,['NaN']
321,Image_2940.jpg,sleeping,['NaN']
322,Image_2946.jpg,sitting,['NaN']
323,Image_2964.jpg,sleeping,['NaN']
324,Image_2979.jpg,sleeping,['NaN']
325,Image_2999.jpg,sitting,['NaN']
326,Image_3007.jpg,sleeping,['NaN']
327,Image_3021.jpg,sleeping,['NaN']
328,Image_3050.jpg,running,['NaN']
329,Image_3064.jpg,sleeping,['NaN']
330,Image_3065.jpg,sleeping,['NaN']
331,Image_3115.jpg,sitting,['NaN']
332,Image_3117.jpg,sleeping,['NaN']
333,Image_3159.jpg,running,['NaN']
334,Image_3163.jpg,sleeping,['NaN']
335,Image_3178.jpg,sitting,['NaN']
336,Image_3187.jpg,sitting,['NaN']
337,Image_3200.jpg,sitting,['NaN']
338,Image_3231.jpg,sleeping,['NaN']
339,Image_3239.jpg,sleeping,['NaN']
340,Image_3255.jpg,sleeping,['NaN']
341,Image_3258.jpg,running,['NaN']
342,Image_3291.jpg,sitting,['NaN']
343,Image_3299.jpg,running,['NaN']
344,Image_3307.jpg,sleeping,['NaN']
345,Image_3314.jpg,sleeping,['NaN']
346,Image_3315.jpg,sitting,['NaN']
347,Image_3316.jpg,sitting,['NaN']
348,Image_3325.jpg,running,['NaN']
349,Image_3331.jpg,sleeping,['NaN']
350,Image_3337.jpg,sleeping,['NaN']
351,Image_3338.jpg,running,['NaN']
352,Image_3342.jpg,sleeping,['NaN']
353,Image_3359.jpg,sleeping,['NaN']
354,Image_3360.jpg,sitting,['NaN']
355,Image_3382.jpg,sitting,['NaN']
356,Image_3385.jpg,sleeping,['NaN']
357,Image_3390.jpg,sleeping,['NaN']
358,Image_3392.jpg,sleeping,['NaN']
359,Image_3405.jpg,running,['NaN']
360,Image_3440.jpg,sleeping,['NaN']
361,Image_3445.jpg,sleeping,['NaN']
362,Image_3479.jpg,running,['NaN']
363,Image_3494.jpg,sitting,['NaN']
364,Image_3518.jpg,sleeping,['NaN']
365,Image_3526.jpg,sleeping,['NaN']
366,Image_3529.jpg,sleeping,['NaN']
367,Image_3531.jpg,running,['NaN']
368,Image_3535.jpg,sleeping,['NaN']
369,Image_3542.jpg,sitting,['NaN']
370,Image_3544.jpg,sleeping,['NaN']
371,Image_3554.jpg,sleeping,['NaN']
372,Image_3562.jpg,sleeping,['NaN']
373,Image_3575.jpg,sleeping,['NaN']
374,Image_3580.jpg,sitting,['NaN']
375,Image_3590.jpg,running,['NaN']
376,Image_3599.jpg,sitting,['NaN']
377,Image_3621.jpg,sleeping,['NaN']
378,Image_3638.jpg,sitting,['NaN']
379,Image_3670.jpg,sleeping,['NaN']
380,Image_3671.jpg,sitting,['NaN']
381,Image_3687.jpg,running,['NaN']
382,Image_3713.jpg,sleeping,['NaN']
383,Image_3716.jpg,sitting,['NaN']
384,Image_3732.jpg,sleeping,['NaN']
385,Image_3734.jpg,sitting,['NaN']
386,Image_3762.jpg,sleeping,['NaN']
387,Image_3764.jpg,running,['NaN']
388,Image_3770.jpg,sleeping,['NaN']
389,Image_3774.jpg,sitting,['NaN']
390,Image_3779.jpg,sitting,['NaN']
391,Image_3780.jpg,running,['NaN']
392,Image_3782.jpg,sleeping,['NaN']
393,Image_3789.jpg,sitting,['NaN']
394,Image_3790.jpg,sleeping,['NaN']
395,Image_3794.jpg,sleeping,['NaN']
396,Image_3809.jpg,sleeping,['NaN']
397,Image_3816.jpg,sleeping,['NaN']
398,Image_3820.jpg,sleeping,['NaN']
399,Image_3825.jpg,sleeping,['NaN']
400,Image_3859.jpg,sleeping,['NaN']
401,Image_3872.jpg,sleeping,['NaN']
402,Image_3873.jpg,sleeping,['NaN']
403,Image_3883.jpg,sitting,['NaN']
404,Image_3890.jpg,sleeping,['NaN']
405,Image_3892.jpg,sitting,['NaN']
406,Image_3898.jpg,sleeping,['NaN']
407,Image_3945.jpg,sleeping,['NaN']
408,Image_3947.jpg,sleeping,['NaN']
409,Image_3961.jpg,sleeping,['NaN']
410,Image_4001.jpg,sitting,['NaN']
411,Image_4003.jpg,sitting,['NaN']
412,Image_4010.jpg,sitting,['NaN']
413,Image_4019.jpg,sitting,['NaN']
414,Image_4021.jpg,sleeping,['NaN']
415,Image_4032.jpg,running,['NaN']
416,Image_4048.jpg,sitting,['NaN']
417,Image_4051.jpg,sitting,['NaN']
418,Image_4080.jpg,sitting,['NaN']
419,Image_4107.jpg,sleeping,['NaN']
420,Image_4111.jpg,sitting,['NaN']
421,Image_4123.jpg,running,['NaN']
422,Image_4124.jpg,sleeping,['NaN']
423,Image_4134.jpg,sitting,['NaN']
424,Image_4143.jpg,sitting,['NaN']
425,Image_4172.jpg,sleeping,['NaN']
426,Image_4189.jpg,sleeping,['NaN']
427,Image_4192.jpg,running,['NaN']
428,Image_4223.jpg,sleeping,['NaN']
429,Image_4233.jpg,sleeping,['NaN']
430,Image_4237.jpg,sleeping,['NaN']
431,Image_4238.jpg,sleeping,['NaN']
432,Image_4239.jpg,sitting,['NaN']
433,Image_4246.jpg,sitting,['NaN']
434,Image_4262.jpg,running,['NaN']
435,Image_4292.jpg,running,['NaN']
436,Image_4299.jpg,sleeping,['NaN']
437,Image_4310.jpg,sitting,['NaN']
438,Image_4318.jpg,sleeping,['NaN']
439,Image_4319.jpg,sleeping,['NaN']
440,Image_4329.jpg,sitting,['NaN']
441,Image_4338.jpg,sleeping,['NaN']
442,Image_4343.jpg,sleeping,['NaN']
443,Image_4352.jpg,sleeping,['NaN']
444,Image_4357.jpg,running,['NaN']
445,Image_4360.jpg,sitting,['NaN']
446,Image_4366.jpg,sitting,['NaN']
447,Image_4369.jpg,sleeping,['NaN']
448,Image_4383.jpg,sitting,['NaN']
449,Image_4388.jpg,running,['NaN']
450,Image_4393.jpg,sleeping,['NaN']
451,Image_4394.jpg,sleeping,['NaN']
452,Image_4400.jpg,sleeping,['NaN']
453,Image_4414.jpg,sleeping,['NaN']
454,Image_4425.jpg,sleeping,['NaN']
455,Image_4432.jpg,running,['NaN']
456,Image_4458.jpg,sleeping,['NaN']
457,Image_4464.jpg,sitting,['NaN']
458,Image_4466.jpg,sleeping,['NaN']
459,Image_4502.jpg,sitting,['NaN']
460,Image_4504.jpg,sitting,['NaN']
461,Image_4523.jpg,sleeping,['NaN']
462,Image_4526.jpg,sleeping,['NaN']
463,Image_4533.jpg,sleeping,['NaN']
464,Image_4537.jpg,sitting,['NaN']
465,Image_4538.jpg,sleeping,['NaN']
466,Image_4554.jpg,sitting,['NaN']
467,Image_4559.jpg,sleeping,['NaN']
468,Image_4565.jpg,sitting,['NaN']
469,Image_4569.jpg,sitting,['NaN']
470,Image_4585.jpg,sleeping,['NaN']
471,Image_4599.jpg,running,['NaN']
472,Image_4626.jpg,sleeping,['NaN']
473,Image_4627.jpg,sleeping,['NaN']
474,Image_4657.jpg,sleeping,['NaN']
475,Image_4662.jpg,sleeping,['NaN']
476,Image_4667.jpg,sleeping,['NaN']
477,Image_4669.jpg,sleeping,['NaN']
478,Image_4672.jpg,sleeping,['NaN']
479,Image_4673.jpg,sitting,['NaN']
480,Image_4692.jpg,sleeping,['NaN']
481,Image_4694.jpg,running,['NaN']
482,Image_4705.jpg,sitting,['NaN']
483,Image_4717.jpg,sleeping,['NaN']
484,Image_4732.jpg,running,['NaN']
485,Image_4758.jpg,sitting,['NaN']
486,Image_4786.jpg,sleeping,['NaN']
487,Image_4793.jpg,sleeping,['NaN']
488,Image_4813.jpg,sleeping,['NaN']
489,Image_4819.jpg,sitting,['NaN']
490,Image_4827.jpg,sleeping,['NaN']
491,Image_4840.jpg,sleeping,['NaN']
492,Image_4849.jpg,sitting,['NaN']
493,Image_4851.jpg,sleeping,['NaN']
494,Image_4859.jpg,sitting,['NaN']
495,Image_4863.jpg,sleeping,['NaN']
496,Image_4867.jpg,running,['NaN']
497,Image_4878.jpg,sleeping,['NaN']
498,Image_4887.jpg,sleeping,['NaN']
499,Image_4895.jpg,sleeping,['NaN']
500,Image_4905.jpg,sleeping,['NaN']
501,Image_4921.jpg,sleeping,['NaN']
502,Image_4927.jpg,sitting,['NaN']
503,Image_4934.jpg,sitting,['NaN']
504,Image_4935.jpg,sitting,['NaN']
505,Image_4963.jpg,running,['NaN']
506,Image_4996.jpg,sleeping,['NaN']
507,Image_5001.jpg,sleeping,['NaN']
508,Image_5010.jpg,sleeping,['NaN']
509,Image_5015.jpg,sitting,['NaN']
510,Image_5018.jpg,sleeping,['NaN']
511,Image_5019.jpg,sleeping,['NaN']
512,Image_5026.jpg,running,['NaN']
513,Image_5065.jpg,running,['NaN']
514,Image_5068.jpg,sleeping,['NaN']
515,Image_5073.jpg,sleeping,['NaN']
516,Image_5087.jpg,sitting,['NaN']
517,Image_5093.jpg,sitting,['NaN']
518,Image_5105.jpg,sleeping,['NaN']
519,Image_5137.jpg,sitting,['NaN']
520,Image_5150.jpg,sleeping,['NaN']
521,Image_5153.jpg,sitting,['NaN']
522,Image_5160.jpg,sitting,['NaN']
523,Image_5163.jpg,sleeping,['NaN']
524,Image_5191.jpg,sleeping,['NaN']
525,Image_5199.jpg,sleeping,['NaN']
526,Image_5201.jpg,running,['NaN']
527,Image_5203.jpg,sitting,['NaN']
528,Image_5210.jpg,sitting,['NaN']
529,Image_5213.jpg,sleeping,['NaN']
530,Image_5244.jpg,sleeping,['NaN']
531,Image_5267.jpg,sitting,['NaN']
532,Image_5268.jpg,sitting,['NaN']
533,Image_5276.jpg,sleeping,['NaN']
534,Image_5280.jpg,sitting,['NaN']
535,Image_5283.jpg,sleeping,['NaN']
536,Image_5289.jpg,running,['NaN']
537,Image_5303.jpg,sleeping,['NaN']
538,Image_5307.jpg,sitting,['NaN']
539,Image_5315.jpg,sitting,['NaN']
540,Image_5333.jpg,sitting,['NaN']
541,Image_5334.jpg,sitting,['NaN']
542,Image_5336.jpg,running,['NaN']
543,Image_5340.jpg,sleeping,['NaN']
544,Image_5352.jpg,sleeping,['NaN']
545,Image_5354.jpg,sleeping,['NaN']
546,Image_5357.jpg,sleeping,['NaN']
547,Image_5368.jpg,sitting,['NaN']
548,Image_5375.jpg,running,['NaN']
549,Image_5377.jpg,sleeping,['NaN']
550,Image_5399.jpg,sitting,['NaN']
551,Image_5401.jpg,sitting,['NaN']
552,Image_5405.jpg,sleeping,['NaN']
553,Image_5421.jpg,sleeping,['NaN']
554,Image_5429.jpg,sleeping,['NaN']
555,Image_5430.jpg,running,['NaN']
556,Image_5453.jpg,sleeping,['NaN']
557,Image_5455.jpg,sleeping,['NaN']
558,Image_5458.jpg,sleeping,['NaN']
559,Image_5462.jpg,sitting,['NaN']
560,Image_5477.jpg,running,['NaN']
561,Image_5482.jpg,sitting,['NaN']
562,Image_5501.jpg,sleeping,['NaN']
563,Image_5510.jpg,sitting,['NaN']
564,Image_5513.jpg,sleeping,['NaN']
565,Image_5546.jpg,sleeping,['NaN']
566,Image_5552.jpg,sitting,['NaN']
567,Image_5554.jpg,sitting,['NaN']
568,Image_5561.jpg,sitting,['NaN']
569,Image_5569.jpg,sitting,['NaN']
570,Image_5576.jpg,sleeping,['NaN']
571,Image_5592.jpg,sleeping,['NaN']
572,Image_5612.jpg,sleeping,['NaN']
573,Image_5627.jpg,sleeping,['NaN']
574,Image_5633.jpg,sitting,['NaN']
575,Image_5642.jpg,sleeping,['NaN']
576,Image_5675.jpg,sleeping,['NaN']
577,Image_5676.jpg,sleeping,['NaN']
578,Image_5683.jpg,running,['NaN']
579,Image_5690.jpg,sitting,['NaN']
580,Image_5693.jpg,sleeping,['NaN']
581,Image_5696.jpg,sitting,['NaN']
582,Image_5716.jpg,sleeping,['NaN']
583,Image_5718.jpg,sleeping,['NaN']
584,Image_5726.jpg,sitting,['NaN']
585,Image_5765.jpg,running,['NaN']
586,Image_5775.jpg,sitting,['NaN']
587,Image_5781.jpg,sitting,['NaN']
588,Image_5784.jpg,running,['NaN']
589,Image_5800.jpg,sleeping,['NaN']
590,Image_5832.jpg,sitting,['NaN']
591,Image_5834.jpg,sitting,['NaN']
592,Image_5840.jpg,running,['NaN']
593,Image_5850.jpg,sleeping,['NaN']
594,Image_5887.jpg,sitting,['NaN']
595,Image_5891.jpg,sitting,['NaN']
596,Image_5899.jpg,sleeping,['NaN']
597,Image_5901.jpg,sitting,['NaN']
598,Image_5925.jpg,sleeping,['NaN']
599,Image_5933.jpg,sleeping,['NaN']
600,Image_5935.jpg,running,['NaN']
601,Image_5950.jpg,sleeping,['NaN']
602,Image_5980.jpg,running,['NaN']
603,Image_5994.jpg,sleeping,['NaN']
604,Image_6000.jpg,sleeping,['NaN']
605,Image_6002.jpg,sleeping,['NaN']
606,Image_6028.jpg,sitting,['NaN']
607,Image_6033.jpg,sleeping,['NaN']
608,Image_6046.jpg,sleeping,['NaN']
609,Image_6047.jpg,sitting,['NaN']
610,Image_6055.jpg,sleeping,['NaN']
611,Image_6063.jpg,running,['NaN']
612,Image_6075.jpg,sitting,['NaN']
613,Image_6078.jpg,sitting,['NaN']
614,Image_6080.jpg,sleeping,['NaN']
615,Image_6083.jpg,sleeping,['NaN']
616,Image_6086.jpg,sleeping,['NaN']
617,Image_6110.jpg,sleeping,['NaN']
618,Image_6140.jpg,sitting,['NaN']
619,Image_6146.jpg,sitting,['NaN']
620,Image_6148.jpg,sleeping,['NaN']
621,Image_6171.jpg,sitting,['NaN']
622,Image_6175.jpg,sleeping,['NaN']
623,Image_6190.jpg,sleeping,['NaN']
624,Image_6197.jpg,sleeping,['NaN']
625,Image_6203.jpg,sleeping,['NaN']
626,Image_6204.jpg,sleeping,['NaN']
627,Image_6208.jpg,running,['NaN']
628,Image_6218.jpg,sitting,['NaN']
629,Image_6220.jpg,sleeping,['NaN']
630,Image_6224.jpg,sleeping,['NaN']
631,Image_6226.jpg,sleeping,['NaN']
632,Image_6249.jpg,running,['NaN']
633,Image_6278.jpg,sleeping,['NaN']
634,Image_6292.jpg,running,['NaN']
635,Image_6300.jpg,sleeping,['NaN']
636,Image_6309.jpg,sleeping,['NaN']
637,Image_6330.jpg,sleeping,['NaN']
638,Image_6332.jpg,sleeping,['NaN']
639,Image_6336.jpg,running,['NaN']
640,Image_6342.jpg,sleeping,['NaN']
641,Image_6354.jpg,sleeping,['NaN']
642,Image_6355.jpg,sleeping,['NaN']
643,Image_6362.jpg,sleeping,['NaN']
644,Image_6394.jpg,sitting,['NaN']
645,Image_6407.jpg,sleeping,['NaN']
646,Image_6412.jpg,sitting,['NaN']
647,Image_6414.jpg,sleeping,['NaN']
648,Image_6423.jpg,running,['NaN']
649,Image_6454.jpg,sleeping,['NaN']
650,Image_6460.jpg,sitting,['NaN']
651,Image_6463.jpg,sitting,['NaN']
652,Image_6471.jpg,sleeping,['NaN']
653,Image_6472.jpg,running,['NaN']
654,Image_6496.jpg,sitting,['NaN']
655,Image_6499.jpg,sleeping,['NaN']
656,Image_6504.jpg,sleeping,['NaN']
657,Image_6519.jpg,sleeping,['NaN']
658,Image_6527.jpg,running,['NaN']
659,Image_6532.jpg,sitting,['NaN']
660,Image_6541.jpg,sitting,['NaN']
661,Image_6552.jpg,running,['NaN']
662,Image_6557.jpg,sleeping,['NaN']
663,Image_6578.jpg,sleeping,['NaN']
664,Image_6584.jpg,sleeping,['NaN']
665,Image_6604.jpg,sleeping,['NaN']
666,Image_6622.jpg,sleeping,['NaN']
667,Image_6626.jpg,sleeping,['NaN']
668,Image_6629.jpg,sleeping,['NaN']
669,Image_6636.jpg,sitting,['NaN']
670,Image_6644.jpg,sleeping,['NaN']
671,Image_6646.jpg,running,['NaN']
672,Image_6660.jpg,sitting,['NaN']
673,Image_6664.jpg,sleeping,['NaN']
674,Image_6667.jpg,sitting,['NaN']
675,Image_6689.jpg,sleeping,['NaN']
676,Image_6692.jpg,sleeping,['NaN']
677,Image_6696.jpg,sleeping,['NaN']
678,Image_6698.jpg,sitting,['NaN']
679,Image_6700.jpg,sleeping,['NaN']
680,Image_6727.jpg,running,['NaN']
681,Image_6736.jpg,sleeping,['NaN']
682,Image_6745.jpg,running,['NaN']
683,Image_6754.jpg,sleeping,['NaN']
684,Image_6756.jpg,sitting,['NaN']
685,Image_6762.jpg,sitting,['NaN']
686,Image_6768.jpg,sleeping,['NaN']
687,Image_6774.jpg,sleeping,['NaN']
688,Image_6788.jpg,sleeping,['NaN']
689,Image_6793.jpg,sleeping,['NaN']
690,Image_6795.jpg,sleeping,['NaN']
691,Image_6813.jpg,sleeping,['NaN']
692,Image_6825.jpg,sleeping,['NaN']
693,Image_6829.jpg,sleeping,['NaN']
694,Image_6832.jpg,running,['NaN']
695,Image_6836.jpg,sleeping,['NaN']
696,Image_6838.jpg,sleeping,['NaN']
697,Image_6841.jpg,sleeping,['NaN']
698,Image_6849.jpg,sitting,['NaN']
699,Image_6862.jpg,sitting,['NaN']
700,Image_6869.jpg,running,['NaN']
701,Image_6878.jpg,sitting,['NaN']
702,Image_6880.jpg,sitting,['NaN']
703,Image_6927.jpg,sleeping,['NaN']
704,Image_6939.jpg,sleeping,['NaN']
705,Image_6943.jpg,sleeping,['NaN']
706,Image_6944.jpg,sleeping,['NaN']
707,Image_6949.jpg,sleeping,['NaN']
708,Image_6991.jpg,running,['NaN']
709,Image_7010.jpg,running,['NaN']
710,Image_7029.jpg,sleeping,['NaN']
711,Image_7046.jpg,running,['NaN']
712,Image_7052.jpg,sleeping,['NaN']
713,Image_7061.jpg,sleeping,['NaN']
714,Image_7076.jpg,sleeping,['NaN']
715,Image_7077.jpg,sleeping,['NaN']
716,Image_7083.jpg,sitting,['NaN']
717,Image_7089.jpg,sleeping,['NaN']
718,Image_7091.jpg,sitting,['NaN']
719,Image_7096.jpg,running,['NaN']
720,Image_7097.jpg,sitting,['NaN']
721,Image_7142.jpg,sitting,['NaN']
722,Image_7145.jpg,sitting,['NaN']
723,Image_7153.jpg,running,['NaN']
724,Image_7155.jpg,sleeping,['NaN']
725,Image_7160.jpg,sleeping,['NaN']
726,Image_7171.jpg,sleeping,['NaN']
727,Image_7184.jpg,sleeping,['NaN']
728,Image_7194.jpg,sitting,['NaN']
729,Image_7200.jpg,sitting,['NaN']
730,Image_7217.jpg,sleeping,['NaN']
731,Image_7224.jpg,sleeping,['NaN']
732,Image_7227.jpg,running,['NaN']
733,Image_7243.jpg,running,['NaN']
734,Image_7247.jpg,sleeping,['NaN']
735,Image_7265.jpg,sitting,['NaN']
736,Image_7267.jpg,sitting,['NaN']
737,Image_7274.jpg,sleeping,['NaN']
738,Image_7278.jpg,sleeping,['NaN']
739,Image_7296.jpg,sleeping,['NaN']
740,Image_7299.jpg,sitting,['NaN']
741,Image_7303.jpg,sleeping,['NaN']
742,Image_7313.jpg,sleeping,['NaN']
743,Image_7316.jpg,sleeping,['NaN']
744,Image_7320.jpg,sitting,['NaN']
745,Image_7335.jpg,sleeping,['NaN']
746,Image_7345.jpg,sleeping,['NaN']
747,Image_7346.jpg,sitting,['NaN']
748,Image_7348.jpg,sleeping,['NaN']
749,Image_7364.jpg,sitting,['NaN']
750,Image_7374.jpg,sleeping,['NaN']
751,Image_7385.jpg,running,['NaN']
752,Image_7388.jpg,sitting,['NaN']
753,Image_7401.jpg,running,['NaN']
754,Image_7411.jpg,sleeping,['NaN']
755,Image_7414.jpg,sleeping,['NaN']
756,Image_7430.jpg,sleeping,['NaN']
757,Image_7434.jpg,sitting,['NaN']
758,Image_7438.jpg,sitting,['NaN']
759,Image_7464.jpg,sitting,['NaN']
760,Image_7465.jpg,sleeping,['NaN']
761,Image_7474.jpg,sleeping,['NaN']
762,Image_7478.jpg,sleeping,['NaN']
763,Image_7511.jpg,running,['NaN']
764,Image_7530.jpg,sitting,['NaN']
765,Image_7541.jpg,sleeping,['NaN']
766,Image_7560.jpg,sleeping,['NaN']
767,Image_7578.jpg,sleeping,['NaN']
768,Image_7620.jpg,sitting,['NaN']
769,Image_7631.jpg,running,['NaN']
770,Image_7642.jpg,sleeping,['NaN']
771,Image_7643.jpg,sleeping,['NaN']
772,Image_7644.jpg,sleeping,['NaN']
773,Image_7660.jpg,sleeping,['NaN']
774,Image_7698.jpg,sleeping,['NaN']
775,Image_7706.jpg,sitting,['NaN']
776,Image_7711.jpg,sleeping,['NaN']
777,Image_7721.jpg,running,['NaN']
778,Image_7727.jpg,sleeping,['NaN']
779,Image_7745.jpg,sitting,['NaN']
780,Image_7746.jpg,sitting,['NaN']
781,Image_7748.jpg,sleeping,['NaN']
782,Image_7749.jpg,sleeping,['NaN']
783,Image_7750.jpg,sleeping,['NaN']
784,Image_7755.jpg,sitting,['NaN']
785,Image_7764.jpg,sleeping,['NaN']
786,Image_7767.jpg,sleeping,['NaN']
787,Image_7787.jpg,running,['NaN']
788,Image_7789.jpg,sitting,['NaN']
789,Image_7801.jpg,sleeping,['NaN']
790,Image_7808.jpg,sleeping,['NaN']
791,Image_7811.jpg,sleeping,['NaN']
792,Image_7816.jpg,running,['NaN']
793,Image_7822.jpg,running,['NaN']
794,Image_7829.jpg,running,['NaN']
795,Image_7859.jpg,sleeping,['NaN']
796,Image_7860.jpg,sleeping,['NaN']
797,Image_7905.jpg,running,['NaN']
798,Image_7906.jpg,sleeping,['NaN']
799,Image_7917.jpg,sleeping,['NaN']
800,Image_7919.jpg,sitting,['NaN']
801,Image_7921.jpg,sleeping,['NaN']
802,Image_7951.jpg,sitting,['NaN']
803,Image_7952.jpg,sleeping,['NaN']
804,Image_7965.jpg,sleeping,['NaN']
805,Image_7969.jpg,sleeping,['NaN']
806,Image_7975.jpg,sleeping,['NaN']
807,Image_7981.jpg,running,['NaN']
808,Image_7996.jpg,sleeping,['NaN']
809,Image_8010.jpg,running,['NaN']
810,Image_8013.jpg,sitting,['NaN']
811,Image_8021.jpg,running,['NaN']
812,Image_8026.jpg,sleeping,['NaN']
813,Image_8036.jpg,sleeping,['NaN']
814,Image_8049.jpg,sleeping,['NaN']
815,Image_8065.jpg,running,['NaN']
816,Image_8073.jpg,sleeping,['NaN']
817,Image_8075.jpg,sleeping,['NaN']
818,Image_8097.jpg,running,['NaN']
819,Image_8126.jpg,sleeping,['NaN']
820,Image_8130.jpg,running,['NaN']
821,Image_8136.jpg,sleeping,['NaN']
822,Image_8140.jpg,sitting,['NaN']
823,Image_8156.jpg,running,['NaN']
824,Image_8164.jpg,sleeping,['NaN']
825,Image_8179.jpg,sitting,['NaN']
826,Image_8196.jpg,sleeping,['NaN']
827,Image_8210.jpg,running,['NaN']
828,Image_8213.jpg,sleeping,['NaN']
829,Image_8220.jpg,sitting,['NaN']
830,Image_8224.jpg,sitting,['NaN']
831,Image_8227.jpg,sleeping,['NaN']
832,Image_8232.jpg,sitting,['NaN']
833,Image_8236.jpg,sleeping,['NaN']
834,Image_8259.jpg,sleeping,['NaN']
835,Image_8264.jpg,sleeping,['NaN']
836,Image_8275.jpg,sitting,['NaN']
837,Image_8279.jpg,running,['NaN']
838,Image_8294.jpg,sitting,['NaN']
839,Image_8303.jpg,sleeping,['NaN']
840,Image_8315.jpg,sitting,['NaN']
841,Image_8326.jpg,sleeping,['NaN']
842,Image_8339.jpg,sleeping,['NaN']
843,Image_8346.jpg,sleeping,['NaN']
844,Image_8354.jpg,sleeping,['NaN']
845,Image_8356.jpg,sitting,['NaN']
846,Image_8358.jpg,running,['NaN']
847,Image_8374.jpg,sleeping,['NaN']
848,Image_8378.jpg,running,['NaN']
849,Image_8409.jpg,running,['NaN']
850,Image_8413.jpg,sleeping,['NaN']
851,Image_8415.jpg,sitting,['NaN']
852,Image_8424.jpg,sleeping,['NaN']
853,Image_8427.jpg,sleeping,['NaN']
854,Image_8444.jpg,sleeping,['NaN']
855,Image_8481.jpg,sleeping,['NaN']
856,Image_8483.jpg,sleeping,['NaN']
857,Image_8504.jpg,sitting,['NaN']
858,Image_8517.jpg,sitting,['NaN']
859,Image_8518.jpg,running,['NaN']
860,Image_8523.jpg,sleeping,['NaN']
861,Image_8548.jpg,running,['NaN']
862,Image_8549.jpg,sleeping,['NaN']
863,Image_8556.jpg,sleeping,['NaN']
864,Image_8558.jpg,sitting,['NaN']
865,Image_8567.jpg,sitting,['NaN']
866,Image_8569.jpg,sleeping,['NaN']
867,Image_8573.jpg,sleeping,['NaN']
868,Image_8584.jpg,sleeping,['NaN']
869,Image_8591.jpg,sitting,['NaN']
870,Image_8600.jpg,sleeping,['NaN']
871,Image_8604.jpg,sitting,['NaN']
872,Image_8609.jpg,sleeping,['NaN']
873,Image_8615.jpg,sitting,['NaN']
874,Image_8624.jpg,sleeping,['NaN']
875,Image_8628.jpg,sitting,['NaN']
876,Image_8629.jpg,running,['NaN']
877,Image_8642.jpg,sleeping,['NaN']
878,Image_8652.jpg,sitting,['NaN']
879,Image_8659.jpg,sitting,['NaN']
880,Image_8663.jpg,running,['NaN']
881,Image_8668.jpg,running,['NaN']
882,Image_8678.jpg,sleeping,['NaN']
883,Image_8684.jpg,sitting,['NaN']
884,Image_8692.jpg,running,['NaN']
885,Image_8696.jpg,sleeping,['NaN']
886,Image_8707.jpg,sitting,['NaN']
887,Image_8710.jpg,running,['NaN']
888,Image_8712.jpg,sitting,['NaN']
889,Image_8717.jpg,sleeping,['NaN']
890,Image_8722.jpg,sleeping,['NaN']
891,Image_8723.jpg,sleeping,['NaN']
892,Image_8725.jpg,sleeping,['NaN']
893,Image_8732.jpg,sitting,['NaN']
894,Image_8750.jpg,sleeping,['NaN']
895,Image_8758.jpg,sleeping,['NaN']
896,Image_8794.jpg,sleeping,['NaN']
897,Image_8807.jpg,sleeping,['NaN']
898,Image_8815.jpg,sitting,['NaN']
899,Image_8829.jpg,sleeping,['NaN']
900,Image_8863.jpg,sleeping,['NaN']
901,Image_8869.jpg,sitting,['NaN']
902,Image_8880.jpg,sleeping,['NaN']
903,Image_8895.jpg,sleeping,['NaN']
904,Image_8907.jpg,sitting,['NaN']
905,Image_8936.jpg,sleeping,['NaN']
906,Image_8954.jpg,sleeping,['NaN']
907,Image_8960.jpg,sitting,['NaN']
908,Image_8961.jpg,running,['NaN']
909,Image_8983.jpg,sleeping,['NaN']
910,Image_8990.jpg,running,['NaN']
911,Image_9007.jpg,sleeping,['NaN']
912,Image_9017.jpg,sleeping,['NaN']
913,Image_9032.jpg,sleeping,['NaN']
914,Image_9056.jpg,sitting,['NaN']
915,Image_9073.jpg,sleeping,['NaN']
916,Image_9079.jpg,running,['NaN']
917,Image_9084.jpg,sleeping,['NaN']
918,Image_9089.jpg,sleeping,['NaN']
919,Image_9115.jpg,sitting,['NaN']
920,Image_9144.jpg,running,['NaN']
921,Image_9164.jpg,running,['NaN']
922,Image_9172.jpg,sleeping,['NaN']
923,Image_9179.jpg,sitting,['NaN']
924,Image_9186.jpg,sitting,['NaN']
925,Image_9187.jpg,sitting,['NaN']
926,Image_9201.jpg,sleeping,['NaN']
927,Image_9224.jpg,running,['NaN']
928,Image_9229.jpg,sleeping,['NaN']
929,Image_9265.jpg,running,['NaN']
930,Image_9275.jpg,sleeping,['NaN']
931,Image_9276.jpg,sleeping,['NaN']
932,Image_9302.jpg,sleeping,['NaN']
933,Image_9309.jpg,sitting,['NaN']
934,Image_9311.jpg,sleeping,['NaN']
935,Image_9313.jpg,sitting,['NaN']
936,Image_9320.jpg,sitting,['NaN']
937,Image_9326.jpg,sleeping,['NaN']
938,Image_9328.jpg,running,['NaN']
939,Image_9334.jpg,sleeping,['NaN']
940,Image_9341.jpg,sitting,['NaN']
941,Image_9359.jpg,sleeping,['NaN']
942,Image_9366.jpg,sitting,['NaN']
943,Image_9377.jpg,sleeping,['NaN']
944,Image_9381.jpg,sitting,['NaN']
945,Image_9388.jpg,running,['NaN']
946,Image_9390.jpg,sleeping,['NaN']
947,Image_9395.jpg,sleeping,['NaN']
948,Image_9403.jpg,sitting,['NaN']
949,Image_9408.jpg,sleeping,['NaN']
950,Image_9429.jpg,running,['NaN']
951,Image_9432.jpg,sleeping,['NaN']
952,Image_9435.jpg,sitting,['NaN']
953,Image_9442.jpg,sleeping,['NaN']
954,Image_9453.jpg,sitting,['NaN']
955,Image_9456.jpg,sleeping,['NaN']
956,Image_9473.jpg,sitting,['NaN']
957,Image_9479.jpg,running,['NaN']
958,Image_9485.jpg,sleeping,['NaN']
959,Image_9487.jpg,sitting,['NaN']
960,Image_9498.jpg,sleeping,['NaN']
961,Image_9508.jpg,sitting,['NaN']
962,Image_9509.jpg,sleeping,['NaN']
963,Image_9512.jpg,sleeping,['NaN']
964,Image_9513.jpg,sitting,['NaN']
965,Image_9518.jpg,running,['NaN']
966,Image_9530.jpg,sitting,['NaN']
967,Image_9531.jpg,sleeping,['NaN']
968,Image_9555.jpg,sleeping,['NaN']
969,Image_9566.jpg,sitting,['NaN']
970,Image_9568.jpg,sleeping,['NaN']
971,Image_9572.jpg,sleeping,['NaN']
972,Image_9576.jpg,sleeping,['NaN']
973,Image_9579.jpg,sleeping,['NaN']
974,Image_9582.jpg,sitting,['NaN']
975,Image_9588.jpg,sleeping,['NaN']
976,Image_9589.jpg,sitting,['NaN']
977,Image_9603.jpg,running,['NaN']
978,Image_9613.jpg,sleeping,['NaN']
979,Image_9616.jpg,sleeping,['NaN']
980,Image_9619.jpg,sleeping,['NaN']
981,Image_9628.jpg,sleeping,['NaN']
982,Image_9640.jpg,sitting,['NaN']
983,Image_9649.jpg,sleeping,['NaN']
984,Image_9650.jpg,sitting,['NaN']
985,Image_9651.jpg,sleeping,['NaN']
986,Image_9655.jpg,sleeping,['NaN']
987,Image_9679.jpg,sleeping,['NaN']
988,Image_9683.jpg,sitting,['NaN']
989,Image_9684.jpg,running,['NaN']
990,Image_9698.jpg,sleeping,['NaN']
991,Image_9701.jpg,sitting,['NaN']
992,Image_9712.jpg,sleeping,['NaN']
993,Image_9721.jpg,sitting,['NaN']
994,Image_9730.jpg,sleeping,['NaN']
995,Image_9731.jpg,running,['NaN']
996,Image_9773.jpg,running,['NaN']
997,Image_9784.jpg,sitting,['NaN']
998,Image_9806.jpg,sleeping,['NaN']
999,Image_9816.jpg,sleeping,['NaN']
1000,Image_9826.jpg,sleeping,['NaN']
1001,Image_9849.jpg,running,['NaN']
1002,Image_9850.jpg,sleeping,['NaN']
1003,Image_9865.jpg,sleeping,['NaN']
1004,Image_9868.jpg,sleeping,['NaN']
1005,Image_9875.jpg,sleeping,['NaN']
1006,Image_9878.jpg,sleeping,['NaN']
1007,Image_9897.jpg,sleeping,['NaN']
1008,Image_9904.jpg,sleeping,['NaN']
1009,Image_9914.jpg,sitting,['NaN']
1010,Image_9939.jpg,sleeping,['NaN']
1011,Image_9947.jpg,sleeping,['NaN']
1012,Image_9951.jpg,running,['NaN']
1013,Image_9965.jpg,sleeping,['NaN']
1014,Image_9968.jpg,sitting,['NaN']
1015,Image_9974.jpg,sleeping,['NaN']
1016,Image_9984.jpg,sleeping,['NaN']
1017,Image_10005.jpg,sitting,['NaN']
1018,Image_10012.jpg,sitting,['NaN']
1019,Image_10026.jpg,sitting,['NaN']
1020,Image_10038.jpg,running,['NaN']
1021,Image_10053.jpg,sitting,['NaN']
1022,Image_10054.jpg,running,['NaN']
1023,Image_10060.jpg,running,['NaN']
1024,Image_10088.jpg,sitting,['NaN']
1025,Image_10091.jpg,sitting,['NaN']
1026,Image_10104.jpg,sleeping,['NaN']
1027,Image_10108.jpg,running,['NaN']
1028,Image_10126.jpg,running,['NaN']
1029,Image_10140.jpg,sleeping,['NaN']
1030,Image_10148.jpg,sleeping,['NaN']
1031,Image_10169.jpg,sitting,['NaN']
1032,Image_10170.jpg,sleeping,['NaN']
1033,Image_10171.jpg,sleeping,['NaN']
1034,Image_10180.jpg,sleeping,['NaN']
1035,Image_10195.jpg,running,['NaN']
1036,Image_10199.jpg,sitting,['NaN']
1037,Image_10235.jpg,sleeping,['NaN']
1038,Image_10244.jpg,sleeping,['NaN']
1039,Image_10246.jpg,sleeping,['NaN']
1040,Image_10259.jpg,sitting,['NaN']
1041,Image_10261.jpg,sleeping,['NaN']
1042,Image_10288.jpg,sitting,['NaN']
1043,Image_10311.jpg,sleeping,['NaN']
1044,Image_10330.jpg,sitting,['NaN']
1045,Image_10354.jpg,sleeping,['NaN']
1046,Image_10361.jpg,sleeping,['NaN']
1047,Image_10363.jpg,sleeping,['NaN']
1048,Image_10372.jpg,sleeping,['NaN']
1049,Image_10375.jpg,running,['NaN']
1050,Image_10380.jpg,sleeping,['NaN']
1051,Image_10395.jpg,sitting,['NaN']
1052,Image_10397.jpg,sleeping,['NaN']
1053,Image_10408.jpg,sitting,['NaN']
1054,Image_10413.jpg,sleeping,['NaN']
1055,Image_10430.jpg,sitting,['NaN']
1056,Image_10437.jpg,running,['NaN']
1057,Image_10440.jpg,sitting,['NaN']
1058,Image_10462.jpg,sleeping,['NaN']
1059,Image_10480.jpg,sitting,['NaN']
1060,Image_10490.jpg,sitting,['NaN']
1061,Image_10502.jpg,sleeping,['NaN']
1062,Image_10505.jpg,sleeping,['NaN']
1063,Image_10506.jpg,sitting,['NaN']
1064,Image_10542.jpg,running,['NaN']
1065,Image_10558.jpg,sleeping,['NaN']
1066,Image_10564.jpg,running,['NaN']
1067,Image_10586.jpg,sitting,['NaN']
1068,Image_10590.jpg,sleeping,['NaN']
1069,Image_10593.jpg,sleeping,['NaN']
1070,Image_10608.jpg,sleeping,['NaN']
1071,Image_10617.jpg,sleeping,['NaN']
1072,Image_10625.jpg,sleeping,['NaN']
1073,Image_10627.jpg,sleeping,['NaN']
1074,Image_10630.jpg,sleeping,['NaN']
1075,Image_10634.jpg,sleeping,['NaN']
1076,Image_10641.jpg,sleeping,['NaN']
1077,Image_10647.jpg,sleeping,['NaN']
1078,Image_10661.jpg,sleeping,['NaN']
1079,Image_10668.jpg,sleeping,['NaN']
1080,Image_10670.jpg,sleeping,['NaN']
1081,Image_10675.jpg,running,['NaN']
1082,Image_10676.jpg,sleeping,['NaN']
1083,Image_10689.jpg,sitting,['NaN']
1084,Image_10706.jpg,running,['NaN']
1085,Image_10711.jpg,sitting,['NaN']
1086,Image_10715.jpg,sitting,['NaN']
1087,Image_10726.jpg,sleeping,['NaN']
1088,Image_10748.jpg,sleeping,['NaN']
1089,Image_10750.jpg,sitting,['NaN']
1090,Image_10759.jpg,sleeping,['NaN']
1091,Image_10765.jpg,sitting,['NaN']
1092,Image_10772.jpg,sleeping,['NaN']
1093,Image_10774.jpg,sitting,['NaN']
1094,Image_10793.jpg,sleeping,['NaN']
1095,Image_10799.jpg,sitting,['NaN']
1096,Image_10802.jpg,sleeping,['NaN']
1097,Image_10806.jpg,sitting,['NaN']
1098,Image_10817.jpg,sleeping,['NaN']
1099,Image_10821.jpg,running,['NaN']
1100,Image_10826.jpg,sleeping,['NaN']
1101,Image_10831.jpg,sitting,['NaN']
1102,Image_10838.jpg,sitting,['NaN']
1103,Image_10840.jpg,running,['NaN']
1104,Image_10848.jpg,sleeping,['NaN']
1105,Image_10854.jpg,sleeping,['NaN']
1106,Image_10859.jpg,sitting,['NaN']
1107,Image_10861.jpg,sitting,['NaN']
1108,Image_10884.jpg,sleeping,['NaN']
1109,Image_10889.jpg,sleeping,['NaN']
1110,Image_10890.jpg,running,['NaN']
1111,Image_10904.jpg,sleeping,['NaN']
1112,Image_10905.jpg,sleeping,['NaN']
1113,Image_10914.jpg,sitting,['NaN']
1114,Image_10916.jpg,running,['NaN']
1115,Image_10927.jpg,sleeping,['NaN']
1116,Image_10929.jpg,sleeping,['NaN']
1117,Image_10940.jpg,sleeping,['NaN']
1118,Image_10944.jpg,sleeping,['NaN']
1119,Image_11014.jpg,sitting,['NaN']
1120,Image_11019.jpg,sleeping,['NaN']
1121,Image_11041.jpg,sleeping,['NaN']
1122,Image_11043.jpg,sitting,['NaN']
1123,Image_11046.jpg,sleeping,['NaN']
1124,Image_11049.jpg,sitting,['NaN']
1125,Image_11062.jpg,sleeping,['NaN']
1126,Image_11082.jpg,sitting,['NaN']
1127,Image_11095.jpg,running,['NaN']
1128,Image_11098.jpg,sitting,['NaN']
1129,Image_11104.jpg,sleeping,['NaN']
1130,Image_11109.jpg,sleeping,['NaN']
1131,Image_11115.jpg,sleeping,['NaN']
1132,Image_11117.jpg,sitting,['NaN']
1133,Image_11130.jpg,sleeping,['NaN']
1134,Image_11147.jpg,sitting,['NaN']
1135,Image_11152.jpg,sitting,['NaN']
1136,Image_11154.jpg,running,['NaN']
1137,Image_11177.jpg,sleeping,['NaN']
1138,Image_11190.jpg,sleeping,['NaN']
1139,Image_11195.jpg,running,['NaN']
1140,Image_11198.jpg,sleeping,['NaN']
1141,Image_11226.jpg,sleeping,['NaN']
1142,Image_11251.jpg,sleeping,['NaN']
1143,Image_11269.jpg,sleeping,['NaN']
1144,Image_11278.jpg,sleeping,['NaN']
1145,Image_11299.jpg,sleeping,['NaN']
1146,Image_11305.jpg,running,['NaN']
1147,Image_11314.jpg,sleeping,['NaN']
1148,Image_11316.jpg,sitting,['NaN']
1149,Image_11336.jpg,running,['NaN']
1150,Image_11367.jpg,sleeping,['NaN']
1151,Image_11382.jpg,sitting,['NaN']
1152,Image_11395.jpg,sleeping,['NaN']
1153,Image_11404.jpg,sleeping,['NaN']
1154,Image_11412.jpg,sleeping,['NaN']
1155,Image_11415.jpg,sleeping,['NaN']
1156,Image_11427.jpg,sleeping,['NaN']
1157,Image_11430.jpg,sitting,['NaN']
1158,Image_11436.jpg,sleeping,['NaN']
1159,Image_11444.jpg,sleeping,['NaN']
1160,Image_11448.jpg,running,['NaN']
1161,Image_11454.jpg,sleeping,['NaN']
1162,Image_11470.jpg,sitting,['NaN']
1163,Image_11477.jpg,sleeping,['NaN']
1164,Image_11486.jpg,sleeping,['NaN']
1165,Image_11496.jpg,running,['NaN']
1166,Image_11499.jpg,sleeping,['NaN']
1167,Image_11514.jpg,sleeping,['NaN']
1168,Image_11520.jpg,sitting,['NaN']
1169,Image_11538.jpg,sleeping,['NaN']
1170,Image_11539.jpg,sleeping,['NaN']
1171,Image_11545.jpg,sitting,['NaN']
1172,Image_11567.jpg,running,['NaN']
1173,Image_11580.jpg,running,['NaN']
1174,Image_11595.jpg,sleeping,['NaN']
1175,Image_11600.jpg,sleeping,['NaN']
1176,Image_11603.jpg,sitting,['NaN']
1177,Image_11625.jpg,sleeping,['NaN']
1178,Image_11629.jpg,running,['NaN']
1179,Image_11633.jpg,sleeping,['NaN']
1180,Image_11641.jpg,sitting,['NaN']
1181,Image_11662.jpg,sleeping,['NaN']
1182,Image_11683.jpg,sitting,['NaN']
1183,Image_11701.jpg,sleeping,['NaN']
1184,Image_11720.jpg,sleeping,['NaN']
1185,Image_11734.jpg,sitting,['NaN']
1186,Image_11749.jpg,sleeping,['NaN']
1187,Image_11751.jpg,sleeping,['NaN']
1188,Image_11778.jpg,sitting,['NaN']
1189,Image_11784.jpg,sitting,['NaN']
1190,Image_11787.jpg,running,['NaN']
1191,Image_11801.jpg,sitting,['NaN']
1192,Image_11809.jpg,sitting,['NaN']
1193,Image_11810.jpg,sleeping,['NaN']
1194,Image_11825.jpg,sleeping,['NaN']
1195,Image_11841.jpg,sleeping,['NaN']
1196,Image_11855.jpg,sleeping,['NaN']
1197,Image_11858.jpg,sitting,['NaN']
1198,Image_11865.jpg,sitting,['NaN']
1199,Image_11879.jpg,running,['NaN']
1200,Image_11899.jpg,sleeping,['NaN']
1201,Image_11909.jpg,running,['NaN']
1202,Image_11920.jpg,sleeping,['NaN']
1203,Image_11925.jpg,sitting,['NaN']
1204,Image_11948.jpg,sleeping,['NaN']
1205,Image_11952.jpg,running,['NaN']
1206,Image_11958.jpg,running,['NaN']
1207,Image_11987.jpg,sitting,['NaN']
1208,Image_11995.jpg,running,['NaN']
1209,Image_12017.jpg,sleeping,['NaN']
1210,Image_12024.jpg,sitting,['NaN']
1211,Image_12031.jpg,running,['NaN']
1212,Image_12033.jpg,sleeping,['NaN']
1213,Image_12034.jpg,sitting,['NaN']
1214,Image_12037.jpg,sitting,['NaN']
1215,Image_12049.jpg,sleeping,['NaN']
1216,Image_12053.jpg,sleeping,['NaN']
1217,Image_12062.jpg,sleeping,['NaN']
1218,Image_12085.jpg,sleeping,['NaN']
1219,Image_12086.jpg,sitting,['NaN']
1220,Image_12102.jpg,sleeping,['NaN']
1221,Image_12133.jpg,running,['NaN']
1222,Image_12154.jpg,sitting,['NaN']
1223,Image_12163.jpg,sitting,['NaN']
1224,Image_12167.jpg,sleeping,['NaN']
1225,Image_12171.jpg,sitting,['NaN']
1226,Image_12175.jpg,sleeping,['NaN']
1227,Image_12182.jpg,sleeping,['NaN']
1228,Image_12204.jpg,sleeping,['NaN']
1229,Image_12206.jpg,sleeping,['NaN']
1230,Image_12214.jpg,sitting,['NaN']
1231,Image_12217.jpg,running,['NaN']
1232,Image_12220.jpg,sleeping,['NaN']
1233,Image_12228.jpg,sleeping,['NaN']
1234,Image_12251.jpg,sleeping,['NaN']
1235,Image_12258.jpg,running,['NaN']
1236,Image_12262.jpg,running,['NaN']
1237,Image_12263.jpg,sleeping,['NaN']
1238,Image_12265.jpg,sleeping,['NaN']
1239,Image_12281.jpg,sleeping,['NaN']
1240,Image_12286.jpg,sitting,['NaN']
1241,Image_12311.jpg,sitting,['NaN']
1242,Image_12313.jpg,sleeping,['NaN']
1243,Image_12318.jpg,sleeping,['NaN']
1244,Image_12320.jpg,sleeping,['NaN']
1245,Image_12340.jpg,sleeping,['NaN']
1246,Image_12345.jpg,sleeping,['NaN']
1247,Image_12356.jpg,sitting,['NaN']
1248,Image_12380.jpg,sleeping,['NaN']
1249,Image_12382.jpg,running,['NaN']
1250,Image_12387.jpg,sitting,['NaN']
1251,Image_12392.jpg,sitting,['NaN']
1252,Image_12401.jpg,sleeping,['NaN']
1253,Image_12431.jpg,sleeping,['NaN']
1254,Image_12432.jpg,running,['NaN']
1255,Image_12437.jpg,sitting,['NaN']
1256,Image_12457.jpg,sleeping,['NaN']
1257,Image_12462.jpg,sleeping,['NaN']
1258,Image_12473.jpg,sitting,['NaN']
1259,Image_12479.jpg,sleeping,['NaN']
1260,Image_12496.jpg,sleeping,['NaN']
1261,Image_12502.jpg,sitting,['NaN']
1262,Image_12511.jpg,sitting,['NaN']
1263,Image_12518.jpg,sitting,['NaN']
1264,Image_12527.jpg,running,['NaN']
1265,Image_12577.jpg,sleeping,['NaN']
1266,Image_12594.jpg,sleeping,['NaN']
1267,Image_12596.jpg,sitting,['NaN']
1268,Image_12598.jpg,sitting,['Nan']
